{
    "data":{
        "index":{
            "type":"Uint16Array",
            "itemSize":1,
            "array":[0,1,2,3,4,5,6,7,8,9,10,11,12,13,14,15,16,17,18,19,20,21,22,23,24,25,26,27,28,29,30,31,32,33,34,35]
        },
        "attributes":{
            "position":{
                "type":"Float32Array",
                "itemSize":3,
                "array":[0.0932495,-0.00160001,-0.133909,-0.0932495,-0.00159999,0.133909,-0.0932495,-0.00160001,-0.133909,-0.0932495,0.00159999,-0.133909,0.0932494,0.00160001,0.133909,0.0932495,0.00159999,-0.133909,0.0932495,0.00159999,-0.133909,0.0932495,-0.00159999,0.133909,0.0932495,-0.00160001,-0.133909,0.0932494,0.00160001,0.133909,-0.0932495,-0.00159999,0.133909,0.0932495,-0.00159999,0.133909,-0.0932495,-0.00159999,0.133909,-0.0932495,0.00159999,-0.133909,-0.0932495,-0.00160001,-0.133909,0.0932495,-0.00160001,-0.133909,-0.0932495,0.00159999,-0.133909,0.0932495,0.00159999,-0.133909,0.0932495,-0.00160001,-0.133909,0.0932495,-0.00159999,0.133909,-0.0932495,-0.00159999,0.133909,-0.0932495,0.00159999,-0.133909,-0.0932495,0.00160001,0.133909,0.0932494,0.00160001,0.133909,0.0932495,0.00159999,-0.133909,0.0932494,0.00160001,0.133909,0.0932495,-0.00159999,0.133909,0.0932494,0.00160001,0.133909,-0.0932495,0.00160001,0.133909,-0.0932495,-0.00159999,0.133909,-0.0932495,-0.00159999,0.133909,-0.0932495,0.00160001,0.133909,-0.0932495,0.00159999,-0.133909,0.0932495,-0.00160001,-0.133909,-0.0932495,-0.00160001,-0.133909,-0.0932495,0.00159999,-0.133909]
            },
            "normal":{
                "type":"Float32Array",
                "itemSize":3,
                "array":[-1.33366e-14,-1,4.34681e-08,-1.33366e-14,-1,4.34681e-08,-1.33366e-14,-1,4.34681e-08,1.33366e-14,1,-4.34681e-08,1.33366e-14,1,-4.34681e-08,1.33366e-14,1,-4.34681e-08,1,-1.39698e-05,6.07243e-13,1,-1.39698e-05,6.07243e-13,1,-1.39698e-05,6.07243e-13,-1.59799e-07,-2.32831e-05,1,-1.59799e-07,-2.32831e-05,1,-1.59799e-07,-2.32831e-05,1,-1,-6.98492e-06,-1.39098e-07,-1,-6.98492e-06,-1.39098e-07,-1,-6.98492e-06,-1.39098e-07,3.99497e-07,1.86264e-05,-1,3.99497e-07,1.86264e-05,-1,3.99497e-07,1.86264e-05,-1,-6.94616e-15,-1,4.34681e-08,-6.94616e-15,-1,4.34681e-08,-6.94616e-15,-1,4.34681e-08,2.77846e-14,1,-4.34681e-08,2.77846e-14,1,-4.34681e-08,2.77846e-14,1,-4.34681e-08,1,1.86264e-05,3.89474e-07,1,1.86264e-05,3.89474e-07,1,1.86264e-05,3.89474e-07,-6.39195e-07,4.65661e-06,1,-6.39195e-07,4.65661e-06,1,-6.39195e-07,4.65661e-06,1,-1,-6.98492e-06,-1.39098e-07,-1,-6.98492e-06,-1.39098e-07,-1,-6.98492e-06,-1.39098e-07,3.19598e-07,1.39698e-05,-1,3.19598e-07,1.39698e-05,-1,3.19598e-07,1.39698e-05,-1]
            },
            "uv":{
                "type":"Float32Array",
                "itemSize":2,
                "array":[0.999985,0.999994,0.789255,0.563838,0.999866,0.563684,0.789101,0.437409,0.999985,1.21645e-05,0.999997,0.437385,0.688431,0.868779,0.412536,0.752742,0.349376,0.788328,0.000253047,0.704104,0.439864,0.583766,0.412536,0.752742,0.439864,0.583766,0.788833,0.16471,0.376368,0.619201,0.349376,0.788328,0.788833,0.16471,0.688431,0.868779,0.999985,0.999994,0.789038,0.999997,0.789255,0.563838,0.789101,0.437409,0.789086,-0.000163871,0.999985,1.21645e-05,0.688431,0.868779,0.000253047,0.704104,0.412536,0.752742,0.000253047,0.704104,0.100652,-0.000163985,0.439864,0.583766,0.439864,0.583766,0.100652,-0.000163985,0.788833,0.16471,0.349376,0.788328,0.376368,0.619201,0.788833,0.16471]
            }
        },
        "groups":[{
            "count":36,
            "materialIndex":0,
            "start":0
        }]
    },
    "metadata":{
        "position":36,
        "type":"BufferGeometry",
        "normal":36,
        "uv":36,
        "generator":"io_three",
        "version":3
    }
}